persona_id,node_id,email
test-med-001,ventas,coach.luiscaicedo+efimed1@gmail.com
test-med-002,ventas,coach.luiscaicedo+efimed2@gmail.com
test-med-003,ventas,coach.luiscaicedo+efimed3@gmail.com
test-med-004,ventas,coach.luiscaicedo+efimed4@gmail.com
test-med-005,ventas,coach.luiscaicedo+efimed5@gmail.com
test-med-006,ventas,coach.luiscaicedo+efimed6@gmail.com
test-med-007,ventas,coach.luiscaicedo+efimed7@gmail.com
test-med-008,ventas,coach.luiscaicedo+efimed8@gmail.com
test-med-009,ventas,coach.luiscaicedo+efimed9@gmail.com
test-med-010,ventas,coach.luiscaicedo+efimed10@gmail.com
test-med-011,ventas,coach.luiscaicedo+efimed11@gmail.com
test-med-012,ventas,coach.luiscaicedo+efimed12@gmail.com
test-med-013,ventas,coach.luiscaicedo+efimed13@gmail.com
test-med-014,ventas,coach.luiscaicedo+efimed14@gmail.com
test-med-015,ventas,coach.luiscaicedo+efimed15@gmail.com
test-med-016,ventas,coach.luiscaicedo+efimed16@gmail.com
test-med-017,ventas,coach.luiscaicedo+efimed17@gmail.com
test-med-018,ventas,coach.luiscaicedo+efimed18@gmail.com
test-med-019,ventas,coach.luiscaicedo+efimed19@gmail.com
test-med-020,ventas,coach.luiscaicedo+efimed20@gmail.com
